{
	"system" : {
		"platform" : "windows64",
		"os_name" : "Windows 10",
		"os_version" : "10.0"
	},
	"error" : {
		"executable" : "quartus",
		"comment" : "not_applicable",
		"error_message" : "glyph != NULL",
		"source_file" : "/quartus/edt/wedtq/wedtq_select_object.cpp",
		"line" : "95",
		"stack_trace" : "\t0x7ffef3309403: edt_wedtq + 0x79403 (?add_glyph@WEDTQ_SELECT_OBJECT@@QEAAXPEAVWEDTQ_GLYPH@@@Z + 0x33)\n\t0x7ffef32d9eee: edt_wedtq + 0x49eee (?on_selection_changed@WEDTQ_NODE_VIEW@@IEAAXAEBVQItemSelection@@0@Z + 0x1be)\n\t 0x5f7dd700: QtCore4 + 0x11d700 (?activate@QMetaObject@@SAXPEAVQObject@@PEBU1@HPEAPEAX@Z + 0x520)\n\t 0x5fe684b1: QtGui4 + 0x4b84b1 (?emitSelectionChanged@QItemSelectionModel@@IEAAXAEBVQItemSelection@@0@Z + 0x5c1)\n\t 0x5fe6b11f: QtGui4 + 0x4bb11f (?select@QItemSelectionModel@@UEAAXAEBVQItemSelection@@V?$QFlags@W4SelectionFlag@QItemSelectionModel@@@@@Z + 0x3cf)\n\t0x7ffef32daad8: edt_wedtq + 0x4aad8 (?rearrange_model_rows@WEDTQ_NODE_VIEW@@QEAAXHV?$QList@H@@@Z + 0x468)\n\t0x7ffef32db228: edt_wedtq + 0x4b228 (?rearrange_rows@WEDTQ_NODE_VIEW@@QEAAXHV?$QList@H@@@Z + 0x678)\n\t0x7ffef32d7e55: edt_wedtq + 0x47e55 (?dropEvent@WEDTQ_NODE_VIEW@@MEAAXPEAVQDropEvent@@@Z + 0x1d5)\n\t 0x5fa12082: QtGui4 + 0x62082 (?event@QWidget@@MEAA_NPEAVQEvent@@@Z + 0x5d2)\n\t 0x5fd37126: QtGui4 + 0x387126 (?event@QFrame@@MEAA_NPEAVQEvent@@@Z + 0x36)\n\t 0x5fe2a44c: QtGui4 + 0x47a44c (?viewportEvent@QAbstractItemView@@MEAA_NPEAVQEvent@@@Z + 0x4ac)\n\t0x7fff0cb84ef6: GCL_AFCQ + 0xb4ef6 (?viewportEvent@AFCQ_TREE_VIEW@@MEAA_NPEAVQEvent@@@Z + 0x2b6)\n\t 0x5f7d0b22: QtCore4 + 0x110b22 (?sendThroughObjectEventFilters@QCoreApplicationPrivate@@QEAA_NPEAVQObject@@PEAVQEvent@@@Z + 0x82)\n\t 0x5f9d2c41: QtGui4 + 0x22c41 (?notify_helper@QApplicationPrivate@@QEAA_NPEAVQObject@@PEAVQEvent@@@Z + 0xe1)\n\t 0x5f9d20bd: QtGui4 + 0x220bd (?notify@QApplication@@UEAA_NPEAVQObject@@PEAVQEvent@@@Z + 0xf8d)\n\t 0x5f7cec4b: QtCore4 + 0x10ec4b (?notifyInternal@QCoreApplication@@AEAA_NPEAVQObject@@PEAVQEvent@@@Z + 0x7b)\n\t 0x5fa3d7f3: QtGui4 + 0x8d7f3 (?screenNumber@QDesktopWidget@@QEBAHPEBVQWidget@@@Z + 0xc73)\n\t0x7fff51ddb917: ole32 + 0xcb917 (RevokeActiveObjectExt + 0xceb7)\n\t0x7fff51ddb7bb: ole32 + 0xcb7bb (RevokeActiveObjectExt + 0xcd5b)\n\t0x7fff51d99108: ole32 + 0x89108 (OleGetPackageClipboardOwner + 0x9ef8)\n\t0x7fff51d987f4: ole32 + 0x887f4 (OleGetPackageClipboardOwner + 0x95e4)\n\t0x7fff51d9c8c7: ole32 + 0x8c8c7 (DoDragDrop + 0x127)\n\t 0x5fa3eacd: QtGui4 + 0x8eacd (?accept@QDragMoveEvent@@QEAAXXZ + 0xacd)\n\t 0x5f9e045f: QtGui4 + 0x3045f (?exec@QDrag@@QEAA?AW4DropAction@Qt@@V?$QFlags@W4DropAction@Qt@@@@W423@@Z + 0x9f)\n\t 0x5f9e03b6: QtGui4 + 0x303b6 (?exec@QDrag@@QEAA?AW4DropAction@Qt@@V?$QFlags@W4DropAction@Qt@@@@@Z + 0x16)\n\t0x7ffef32d9805: edt_wedtq + 0x49805 (?mouseMoveEvent@WEDTQ_NODE_VIEW@@MEAAXPEAVQMouseEvent@@@Z + 0x245)\n\t 0x5fa11b5f: QtGui4 + 0x61b5f (?event@QWidget@@MEAA_NPEAVQEvent@@@Z + 0xaf)\n\t 0x5fd37126: QtGui4 + 0x387126 (?event@QFrame@@MEAA_NPEAVQEvent@@@Z + 0x36)\n\t 0x5fe2a44c: QtGui4 + 0x47a44c (?viewportEvent@QAbstractItemView@@MEAA_NPEAVQEvent@@@Z + 0x4ac)\n\t0x7fff0cb84ef6: GCL_AFCQ + 0xb4ef6 (?viewportEvent@AFCQ_TREE_VIEW@@MEAA_NPEAVQEvent@@@Z + 0x2b6)\n\t 0x5f7d0b22: QtCore4 + 0x110b22 (?sendThroughObjectEventFilters@QCoreApplicationPrivate@@QEAA_NPEAVQObject@@PEAVQEvent@@@Z + 0x82)\n\t 0x5f9d2c41: QtGui4 + 0x22c41 (?notify_helper@QApplicationPrivate@@QEAA_NPEAVQObject@@PEAVQEvent@@@Z + 0xe1)\n\t 0x5f9d184e: QtGui4 + 0x2184e (?notify@QApplication@@UEAA_NPEAVQObject@@PEAVQEvent@@@Z + 0x71e)\n\t 0x5f7cec4b: QtCore4 + 0x10ec4b (?notifyInternal@QCoreApplication@@AEAA_NPEAVQObject@@PEAVQEvent@@@Z + 0x7b)\n\t 0x5f9d5a9e: QtGui4 + 0x25a9e (?sendMouseEvent@QApplicationPrivate@@SA_NPEAVQWidget@@PEAVQMouseEvent@@00PEAPEAV2@AEAV?$QPointer@VQWidget@@@@_N@Z + 0x1de)\n\t 0x5fa36940: QtGui4 + 0x86940 (?trUtf8@QScrollBar@@SA?AVQString@@PEBD0H@Z + 0x1440)\n\t 0x5fa3a301: QtGui4 + 0x8a301 (?winMouseButtonUp@QApplication@@SAXXZ + 0x2761)\n\t0x7fff512fe337: USER32 + 0xe337 (CallWindowProcW + 0x3f7)\n\t0x7fff512fdd78: USER32 + 0xdd78 (DispatchMessageW + 0x258)\n\t 0x5f7f3982: QtCore4 + 0x133982 (?processEvents@QEventDispatcherWin32@@UEAA_NV?$QFlags@W4ProcessEventsFlag@QEventLoop@@@@@Z + 0x3e2)\n\t 0x5fa32004: QtGui4 + 0x82004 (?openPopup@QApplicationPrivate@@QEAAXPEAVQWidget@@@Z + 0x204)\n\t 0x5f7cbb7b: QtCore4 + 0x10bb7b (?exec@QEventLoop@@QEAAHV?$QFlags@W4ProcessEventsFlag@QEventLoop@@@@@Z + 0x22b)\n\t 0x5f7ce18f: QtCore4 + 0x10e18f (?exec@QCoreApplication@@SAHXZ + 0xdf)\n\t0x7ff6b9ae198b: quartus + 0x198b (?qgq_main@@YAHHPEAPEBD@Z + 0x8b)\n\t0x7fff47d733a8: CCL_MSG + 0x133a8 (?msg_main_thread@@YAPEAXPEAX@Z + 0x18)\n\t0x7fff47d74bae: CCL_MSG + 0x14bae (?msg_thread_wrapper@@YAPEAXP6APEAXPEAX@Z0@Z + 0x6e)\n\t0x7fff47e86af0: ccl_mem + 0x16af0 (?mem_thread_wrapper@@YAPEAXP6APEAXPEAX@Z0@Z + 0x70)\n\t0x7fff47d72c41: CCL_MSG + 0x12c41 (?msg_exe_main@@YAHHPEAPEBDP6AHH0@Z@Z + 0xa1)\n\t0x7ff6b9ae2777: quartus + 0x2777 (WinMain + 0x127)\n\t0x7ff6b9ae1f40: quartus + 0x1f40 (__tmainCRTStartup + 0x148)\n\t0x7fff52246fd3: KERNEL32 + 0x16fd3 (BaseThreadInitThunk + 0x13)\n\t0x7fff5317cec0: ntdll + 0x4cec0 (RtlUserThreadStart + 0x20)\n",
		"subsystem" : "WEDTQ"
	},
	"quartus" : {
		"quartus_bits" : "64",
		"version" : "19.1.0",
		"build" : "670",
		"edition" : "Lite Edition"
	}
}